baterry_type,status,commissionning,last_inspection,certificate,informations,notes,building_id,employee_id,column_id
Corporatif,active,2017-02-24 19:44,2017-03-24 19:44,,sed vel enim sit amet nunc viverra dapibus nulla suscipit ligula in lacus curabitur,sit amet eros suspendisse accumsan tortor quis turpis sed ante vivamus tortor duis mattis egestas metus aenean fermentum donec ut,1,1,1
Corporatif,active,2018-03-02 13:36,2018-04-02 13:36,,pulvinar lobortis est phasellus sit amet erat nulla tempus vivamus,aliquam sit amet diam in magna bibendum imperdiet nullam orci pede venenatis non sodales sed tincidunt eu felis fusce,2,2,2
Commercial,active,2016-07-31 22:26,2016-07-31 22:26,,pede justo lacinia eget tincidunt eget tempus vel pede morbi porttitor,consectetuer eget rutrum at lorem integer tincidunt ante vel ipsum praesent blandit lacinia erat vestibulum sed magna at nunc commodo,3,3,3
Hybride,active,2019-03-08 14:47,2019-03-08 14:47,,pharetra magna ac consequat metus sapien ut nunc vestibulum ante ipsum,erat fermentum justo nec condimentum neque sapien placerat ante nulla justo aliquam quis turpis eget elit,4,4,4
Corporatif,active,2018-07-30 08:46,2018-07-30 08:46,,hac habitasse platea dictumst morbi vestibulum velit id pretium iaculis diam erat,consequat dui nec nisi volutpat eleifend donec ut dolor morbi vel lectus in quam fringilla rhoncus,5,5,5
Corporatif,active,2016-10-29 08:21,2016-10-29 08:21,,volutpat convallis morbi odio odio elementum eu interdum eu tincidunt in,lacinia erat vestibulum sed magna at nunc commodo placerat praesent blandit nam nulla integer pede justo lacinia,6,6,6
Residentiel,active,2019-06-09 15:46,2019-06-09 15:46,,est donec odio justo sollicitudin ut suscipit a feugiat et,consequat metus sapien ut nunc vestibulum ante ipsum primis in faucibus orci luctus et ultrices posuere cubilia curae,7,7,7
Residentiel,active,2018-08-10 13:15,2018-08-10 13:15,,sed tristique in tempus sit amet sem fusce consequat nulla,massa tempor convallis nulla neque libero convallis eget eleifend luctus ultricies eu nibh quisque id justo sit,8,8,8
Hybride,intervention,2017-05-31 05:31,2017-05-31 05:31,,sociis natoque penatibus et magnis dis parturient montes nascetur ridiculus mus etiam vel augue,nascetur ridiculus mus etiam vel augue vestibulum rutrum rutrum neque aenean auctor gravida sem praesent id massa,9,9,9
Corporatif,active,2017-09-10 13:23,2017-09-10 13:23,,eu felis fusce posuere felis sed lacus morbi sem mauris laoreet ut rhoncus,orci luctus et ultrices posuere cubilia curae duis faucibus accumsan odio curabitur convallis duis consequat dui nec nisi volutpat,10,10,10
Residentiel,active,2018-06-27 20:08,2018-06-27 20:08,,felis sed lacus morbi sem mauris laoreet ut rhoncus aliquet pulvinar sed nisl nunc,et commodo vulputate justo in blandit ultrices enim lorem ipsum dolor sit amet consectetuer adipiscing,11,1,11
Residentiel,active,2018-05-10 08:16,2018-05-10 08:16,,vulputate elementum nullam varius nulla facilisi cras non velit nec nisi vulputate nonummy maecenas tincidunt,sagittis dui vel nisl duis ac nibh fusce lacus purus aliquet at feugiat non pretium quis lectus suspendisse,12,2,12
Residentiel,active,2018-12-06 04:07,2018-12-06 04:07,,duis bibendum morbi non quam nec dui luctus rutrum nulla tellus in sagittis dui,tortor id nulla ultrices aliquet maecenas leo odio condimentum id luctus nec molestie sed justo pellentesque viverra pede,13,3,13
Commercial,active,2017-02-02 02:27,2017-02-02 02:27,,donec vitae nisi nam ultrices libero non mattis pulvinar nulla,nulla elit ac nulla sed vel enim sit amet nunc viverra dapibus nulla suscipit ligula in,14,4,14
Corporatif,active,2018-03-29 08:04,2018-03-29 08:04,,dui vel sem sed sagittis nam congue risus semper porta volutpat quam pede lobortis ligula,ultrices aliquet maecenas leo odio condimentum id luctus nec molestie sed justo pellentesque viverra pede ac diam cras pellentesque,15,5,15
Corporatif,active,2018-10-03 17:31,2018-10-03 17:31,,in felis donec semper sapien a libero nam dui proin leo odio porttitor,blandit mi in porttitor pede justo eu massa donec dapibus duis at velit eu est congue elementum in hac,16,6,16
Hybride,active,2017-06-04 18:32,2017-06-04 18:32,,posuere cubilia curae donec pharetra magna vestibulum aliquet ultrices erat tortor sollicitudin,leo maecenas pulvinar lobortis est phasellus sit amet erat nulla tempus vivamus in felis eu,17,7,17
Corporatif,active,2018-01-25 13:20,2018-01-25 13:20,,sapien cum sociis natoque penatibus et magnis dis parturient montes nascetur ridiculus,tristique fusce congue diam id ornare imperdiet sapien urna pretium nisl ut volutpat sapien arcu sed augue aliquam erat,18,8,18
Commercial,active,2017-07-12 15:17,2017-07-12 15:17,,erat curabitur gravida nisi at nibh in hac habitasse platea,nisi volutpat eleifend donec ut dolor morbi vel lectus in quam fringilla rhoncus mauris enim leo,19,9,19
Hybride,active,2016-12-14 13:19,2016-12-14 13:19,,facilisi cras non velit nec nisi vulputate nonummy maecenas tincidunt lacus at velit,condimentum neque sapien placerat ante nulla justo aliquam quis turpis eget elit sodales scelerisque mauris sit,20,10,20
Hybride,active,2017-11-24 05:33,2017-11-24 05:33,,ac enim in tempor turpis nec euismod scelerisque quam turpis,orci luctus et ultrices posuere cubilia curae donec pharetra magna vestibulum aliquet ultrices erat tortor sollicitudin mi sit,21,1,21
Residentiel,active,2017-08-17 19:35,2017-08-17 19:35,,dolor morbi vel lectus in quam fringilla rhoncus mauris enim leo rhoncus sed vestibulum sit,eleifend donec ut dolor morbi vel lectus in quam fringilla rhoncus mauris enim leo rhoncus sed vestibulum,22,2,22
Hybride,intervention,2017-12-09 16:11,2017-12-09 16:11,,iaculis justo in hac habitasse platea dictumst etiam faucibus cursus urna ut tellus,luctus et ultrices posuere cubilia curae duis faucibus accumsan odio curabitur convallis duis consequat dui nec nisi volutpat eleifend,23,3,23
Corporatif,active,2018-11-18 21:54,2018-11-18 21:54,,id nulla ultrices aliquet maecenas leo odio condimentum id luctus nec molestie sed justo pellentesque,sapien quis libero nullam sit amet turpis elementum ligula vehicula consequat morbi a ipsum integer a nibh in quis,24,4,24
Commercial,active,2018-11-15 04:26,2018-11-15 04:26,,sed nisl nunc rhoncus dui vel sem sed sagittis nam congue risus semper porta,donec vitae nisi nam ultrices libero non mattis pulvinar nulla pede ullamcorper augue a suscipit nulla elit ac nulla,25,5,25
Commercial,active,2016-10-17 13:39,2016-10-17 13:39,,nec condimentum neque sapien placerat ante nulla justo aliquam quis turpis,etiam faucibus cursus urna ut tellus nulla ut erat id mauris vulputate elementum nullam varius nulla,26,6,26
Residentiel,active,2017-08-31 08:55,2017-08-31 08:55,,duis mattis egestas metus aenean fermentum donec ut mauris eget,massa volutpat convallis morbi odio odio elementum eu interdum eu tincidunt in leo maecenas pulvinar lobortis est phasellus sit amet,27,7,27
Commercial,active,2016-07-26 13:40,2016-07-26 13:40,,iaculis congue vivamus metus arcu adipiscing molestie hendrerit at vulputate vitae nisl aenean lectus pellentesque,eu interdum eu tincidunt in leo maecenas pulvinar lobortis est phasellus sit amet erat nulla tempus vivamus in felis eu,28,8,28
Commercial,active,2017-09-07 03:33,2017-09-07 03:33,,sit amet erat nulla tempus vivamus in felis eu sapien cursus vestibulum proin eu,ipsum primis in faucibus orci luctus et ultrices posuere cubilia curae mauris viverra diam vitae quam,29,9,29
Residentiel,active,2018-03-30 08:11,2018-03-30 08:11,,turpis nec euismod scelerisque quam turpis adipiscing lorem vitae mattis,in hac habitasse platea dictumst morbi vestibulum velit id pretium iaculis diam erat fermentum justo nec condimentum neque,30,10,30
Hybride,active,2018-03-20 23:39,2018-03-20 23:39,,dui vel nisl duis ac nibh fusce lacus purus aliquet at feugiat non,eu magna vulputate luctus cum sociis natoque penatibus et magnis dis parturient montes nascetur ridiculus mus vivamus,31,1,31
Hybride,active,2019-01-31 23:13,2019-01-31 23:13,,gravida nisi at nibh in hac habitasse platea dictumst aliquam augue quam sollicitudin,in consequat ut nulla sed accumsan felis ut at dolor quis odio consequat varius integer ac leo pellentesque ultrices mattis,32,2,32
Residentiel,active,2019-02-14 06:21,2019-02-14 06:21,,sed lacus morbi sem mauris laoreet ut rhoncus aliquet pulvinar sed nisl nunc rhoncus dui,leo rhoncus sed vestibulum sit amet cursus id turpis integer aliquet massa id lobortis convallis tortor risus dapibus augue vel,33,3,33
Commercial,active,2018-04-16 22:47,2018-04-16 22:47,,nulla neque libero convallis eget eleifend luctus ultricies eu nibh quisque id justo sit,ac leo pellentesque ultrices mattis odio donec vitae nisi nam ultrices libero non mattis pulvinar nulla pede ullamcorper,34,4,34
Corporatif,active,2017-04-18 18:12,2017-04-18 18:12,,id turpis integer aliquet massa id lobortis convallis tortor risus dapibus augue,id ligula suspendisse ornare consequat lectus in est risus auctor sed tristique in tempus sit amet sem,35,5,35
Commercial,active,2017-11-18 04:38,2017-11-18 04:38,,primis in faucibus orci luctus et ultrices posuere cubilia curae donec pharetra magna vestibulum,pulvinar nulla pede ullamcorper augue a suscipit nulla elit ac nulla sed vel enim sit amet nunc viverra,36,6,36
Corporatif,active,2018-12-31 10:26,2018-12-31 10:26,,curae mauris viverra diam vitae quam suspendisse potenti nullam porttitor lacus at,imperdiet et commodo vulputate justo in blandit ultrices enim lorem ipsum dolor sit amet consectetuer adipiscing elit proin interdum,37,7,37
Residentiel,active,2017-03-04 16:00,2017-03-04 16:00,,lobortis est phasellus sit amet erat nulla tempus vivamus in felis eu sapien cursus,mattis egestas metus aenean fermentum donec ut mauris eget massa tempor convallis nulla neque libero convallis eget eleifend,38,8,38
Corporatif,active,2016-12-15 09:06,2016-12-15 09:06,,integer ac leo pellentesque ultrices mattis odio donec vitae nisi nam ultrices libero non mattis,in faucibus orci luctus et ultrices posuere cubilia curae mauris viverra diam vitae quam suspendisse potenti nullam,39,9,39
Commercial,active,2018-07-15 01:41,2018-07-15 01:41,,velit nec nisi vulputate nonummy maecenas tincidunt lacus at velit,in faucibus orci luctus et ultrices posuere cubilia curae donec pharetra magna vestibulum aliquet ultrices erat tortor sollicitudin mi sit,40,10,40
Residentiel,active,2018-10-03 08:26,2018-10-03 08:26,,ipsum primis in faucibus orci luctus et ultrices posuere cubilia curae donec pharetra magna,vestibulum sed magna at nunc commodo placerat praesent blandit nam nulla integer pede justo lacinia eget tincidunt eget tempus vel,41,1,41
Commercial,active,2017-08-19 06:13,2017-08-19 06:13,,blandit lacinia erat vestibulum sed magna at nunc commodo placerat praesent blandit,commodo placerat praesent blandit nam nulla integer pede justo lacinia eget tincidunt eget tempus vel pede morbi porttitor lorem,42,2,42
Corporatif,active,2017-11-19 14:41,2017-11-19 14:41,,dis parturient montes nascetur ridiculus mus etiam vel augue vestibulum rutrum rutrum neque aenean auctor,non mattis pulvinar nulla pede ullamcorper augue a suscipit nulla elit ac nulla sed vel enim sit,43,3,43
Hybride,active,2016-10-20 19:10,2016-10-20 19:10,,adipiscing lorem vitae mattis nibh ligula nec sem duis aliquam convallis nunc proin,pretium iaculis diam erat fermentum justo nec condimentum neque sapien placerat ante nulla justo aliquam quis turpis eget elit,44,4,44
Commercial,intervention,2016-10-03 16:40,2016-10-03 16:40,,at nibh in hac habitasse platea dictumst aliquam augue quam sollicitudin vitae consectetuer eget rutrum,in imperdiet et commodo vulputate justo in blandit ultrices enim lorem ipsum dolor sit amet consectetuer adipiscing elit proin,45,5,45
Corporatif,active,2016-08-23 02:48,2016-08-23 02:48,,at turpis donec posuere metus vitae ipsum aliquam non mauris morbi,ante ipsum primis in faucibus orci luctus et ultrices posuere cubilia curae nulla dapibus dolor vel est,46,6,46
Hybride,active,2017-06-08 11:31,2017-06-08 11:31,,cubilia curae duis faucibus accumsan odio curabitur convallis duis consequat dui,dis parturient montes nascetur ridiculus mus etiam vel augue vestibulum rutrum rutrum neque aenean auctor gravida sem praesent id,47,7,47
Commercial,active,2017-10-20 04:24,2017-10-20 04:24,,sapien in sapien iaculis congue vivamus metus arcu adipiscing molestie hendrerit,vestibulum ante ipsum primis in faucibus orci luctus et ultrices posuere cubilia curae nulla dapibus dolor vel est,48,8,48
Commercial,active,2018-07-07 23:38,2018-07-07 23:38,,vestibulum eget vulputate ut ultrices vel augue vestibulum ante ipsum primis in faucibus,turpis eget elit sodales scelerisque mauris sit amet eros suspendisse accumsan tortor quis turpis sed ante vivamus tortor duis,49,9,49
Commercial,active,2018-07-28 13:08,2018-07-28 13:08,,luctus et ultrices posuere cubilia curae mauris viverra diam vitae quam suspendisse potenti,pulvinar sed nisl nunc rhoncus dui vel sem sed sagittis nam congue risus semper porta volutpat quam,50,10,50
Commercial,active,2019-02-02 11:29,2019-02-02 11:29,,ante ipsum primis in faucibus orci luctus et ultrices posuere cubilia curae,augue vestibulum ante ipsum primis in faucibus orci luctus et ultrices posuere cubilia curae donec pharetra magna vestibulum aliquet,51,1,51
Residentiel,active,2016-10-26 08:04,2016-10-26 08:04,,dis parturient montes nascetur ridiculus mus vivamus vestibulum sagittis sapien cum sociis,tempus vel pede morbi porttitor lorem id ligula suspendisse ornare consequat lectus in est risus auctor sed tristique in,52,2,52
Commercial,active,2019-03-03 09:49,2019-03-03 09:49,,pellentesque at nulla suspendisse potenti cras in purus eu magna vulputate luctus cum,nulla suspendisse potenti cras in purus eu magna vulputate luctus cum sociis natoque penatibus et magnis dis parturient montes,53,3,53
Hybride,active,2017-09-21 17:29,2017-09-21 17:29,,ipsum primis in faucibus orci luctus et ultrices posuere cubilia,pulvinar sed nisl nunc rhoncus dui vel sem sed sagittis nam congue risus semper porta volutpat quam,54,4,54
Commercial,active,2016-09-09 21:05,2016-09-09 21:05,,massa quis augue luctus tincidunt nulla mollis molestie lorem quisque ut erat curabitur gravida,pede ullamcorper augue a suscipit nulla elit ac nulla sed vel enim sit amet nunc,55,5,55
Corporatif,active,2019-02-08 18:18,2019-02-08 18:18,,nisi eu orci mauris lacinia sapien quis libero nullam sit,sit amet nulla quisque arcu libero rutrum ac lobortis vel dapibus at diam nam tristique tortor eu,56,6,56
Commercial,active,2018-07-28 14:48,2018-07-28 14:48,,sit amet consectetuer adipiscing elit proin interdum mauris non ligula pellentesque ultrices phasellus id,curae donec pharetra magna vestibulum aliquet ultrices erat tortor sollicitudin mi sit amet lobortis sapien sapien,57,7,57
Corporatif,active,2018-11-25 09:48,2018-11-25 09:48,,in magna bibendum imperdiet nullam orci pede venenatis non sodales sed tincidunt,nulla suspendisse potenti cras in purus eu magna vulputate luctus cum sociis natoque penatibus et magnis,58,8,58
Commercial,active,2019-01-29 17:47,2019-01-29 17:47,,sit amet turpis elementum ligula vehicula consequat morbi a ipsum integer a nibh,ac diam cras pellentesque volutpat dui maecenas tristique est et tempus semper est quam pharetra magna ac,59,9,59
Commercial,active,2018-12-03 16:18,2018-12-03 16:18,,dolor quis odio consequat varius integer ac leo pellentesque ultrices,sed nisl nunc rhoncus dui vel sem sed sagittis nam congue risus semper porta volutpat quam pede lobortis ligula,60,10,60
Commercial,active,2018-03-19 20:06,2018-03-19 20:06,,blandit non interdum in ante vestibulum ante ipsum primis in faucibus orci,luctus cum sociis natoque penatibus et magnis dis parturient montes nascetur ridiculus mus vivamus vestibulum sagittis sapien cum sociis natoque,61,1,61
Commercial,intervention,2018-07-25 19:22,2018-07-25 19:22,,at nunc commodo placerat praesent blandit nam nulla integer pede justo lacinia eget tincidunt eget,elementum eu interdum eu tincidunt in leo maecenas pulvinar lobortis est phasellus sit amet erat nulla,62,2,62
Residentiel,active,2017-11-01 18:43,2017-11-01 18:43,,interdum venenatis turpis enim blandit mi in porttitor pede justo eu,commodo placerat praesent blandit nam nulla integer pede justo lacinia eget tincidunt eget tempus vel,63,3,63
Corporatif,active,2016-10-30 02:47,2016-10-30 02:47,,at dolor quis odio consequat varius integer ac leo pellentesque ultrices mattis odio donec vitae,tempus semper est quam pharetra magna ac consequat metus sapien ut nunc vestibulum ante ipsum primis in,64,4,64
Corporatif,active,2017-06-13 19:24,2017-06-13 19:24,,tempus vivamus in felis eu sapien cursus vestibulum proin eu,faucibus cursus urna ut tellus nulla ut erat id mauris vulputate elementum nullam varius nulla facilisi cras non,65,5,65
Residentiel,active,2018-04-04 19:04,2018-04-04 19:04,,quam sapien varius ut blandit non interdum in ante vestibulum ante ipsum primis in faucibus,posuere cubilia curae nulla dapibus dolor vel est donec odio justo sollicitudin ut suscipit a feugiat,66,6,66
Residentiel,intervention,2016-11-24 03:36,2016-11-24 03:36,,mattis nibh ligula nec sem duis aliquam convallis nunc proin at turpis a pede posuere,lectus suspendisse potenti in eleifend quam a odio in hac habitasse platea dictumst maecenas ut massa quis augue luctus tincidunt,67,7,67
Residentiel,active,2017-02-12 14:39,2017-02-12 14:39,,tellus nulla ut erat id mauris vulputate elementum nullam varius nulla facilisi,augue vestibulum rutrum rutrum neque aenean auctor gravida sem praesent id massa id nisl venenatis lacinia aenean sit amet justo,68,8,68
Hybride,active,2019-06-13 02:18,2019-06-13 02:18,,sit amet turpis elementum ligula vehicula consequat morbi a ipsum integer,a ipsum integer a nibh in quis justo maecenas rhoncus aliquam lacus morbi quis tortor id,69,9,69
Commercial,active,2018-01-30 16:32,2018-01-30 16:32,,suspendisse ornare consequat lectus in est risus auctor sed tristique in,sit amet nunc viverra dapibus nulla suscipit ligula in lacus curabitur at ipsum ac tellus semper interdum mauris ullamcorper,70,10,70
Hybride,active,2017-11-12 04:05,2017-11-12 04:05,,est risus auctor sed tristique in tempus sit amet sem fusce consequat,donec vitae nisi nam ultrices libero non mattis pulvinar nulla pede ullamcorper augue a suscipit nulla elit ac nulla sed,71,1,71
Commercial,active,2018-09-25 00:32,2018-09-25 00:32,,proin leo odio porttitor id consequat in consequat ut nulla sed accumsan felis ut at,quam sapien varius ut blandit non interdum in ante vestibulum ante ipsum primis in faucibus orci luctus,72,2,72
Residentiel,active,2017-07-16 18:35,2017-07-16 18:35,,orci pede venenatis non sodales sed tincidunt eu felis fusce posuere felis,mauris eget massa tempor convallis nulla neque libero convallis eget eleifend luctus ultricies eu nibh quisque id justo sit,73,3,73
Hybride,active,2019-03-08 05:07,2019-03-08 05:07,,sagittis nam congue risus semper porta volutpat quam pede lobortis ligula sit,integer pede justo lacinia eget tincidunt eget tempus vel pede morbi porttitor lorem id ligula suspendisse,74,4,74
Corporatif,active,2016-08-28 13:48,2016-08-28 13:48,,posuere felis sed lacus morbi sem mauris laoreet ut rhoncus aliquet,lacinia eget tincidunt eget tempus vel pede morbi porttitor lorem id ligula suspendisse ornare consequat lectus,75,5,75
Hybride,active,2017-03-19 10:46,2017-03-19 10:46,,in consequat ut nulla sed accumsan felis ut at dolor quis odio consequat varius integer,diam id ornare imperdiet sapien urna pretium nisl ut volutpat sapien arcu sed augue aliquam erat volutpat in,76,6,76
Hybride,active,2017-09-28 00:02,2017-09-28 00:02,,curabitur at ipsum ac tellus semper interdum mauris ullamcorper purus sit amet nulla,lacus purus aliquet at feugiat non pretium quis lectus suspendisse potenti in eleifend quam a odio in hac habitasse platea,77,7,77
Corporatif,active,2017-05-25 00:35,2017-05-25 00:35,,semper porta volutpat quam pede lobortis ligula sit amet eleifend pede libero quis orci nullam,massa quis augue luctus tincidunt nulla mollis molestie lorem quisque ut erat curabitur gravida nisi,78,8,78
Corporatif,active,2017-08-08 20:29,2017-08-08 20:29,,vitae nisl aenean lectus pellentesque eget nunc donec quis orci eget orci vehicula condimentum curabitur,platea dictumst morbi vestibulum velit id pretium iaculis diam erat fermentum justo nec condimentum neque sapien,79,9,79
Corporatif,intervention,2018-06-05 02:13,2018-06-05 02:13,,praesent lectus vestibulum quam sapien varius ut blandit non interdum in ante vestibulum,ultrices libero non mattis pulvinar nulla pede ullamcorper augue a suscipit nulla elit ac nulla sed vel enim sit,80,10,80
Corporatif,active,2017-01-19 20:33,2017-01-19 20:33,,ligula vehicula consequat morbi a ipsum integer a nibh in quis justo,vivamus vel nulla eget eros elementum pellentesque quisque porta volutpat erat quisque erat eros viverra eget,81,1,81
Residentiel,active,2018-02-23 06:31,2018-02-23 06:31,,et ultrices posuere cubilia curae mauris viverra diam vitae quam suspendisse potenti nullam,auctor gravida sem praesent id massa id nisl venenatis lacinia aenean sit amet justo morbi ut odio,82,2,82
Commercial,active,2017-07-27 21:49,2017-07-27 21:49,,ipsum primis in faucibus orci luctus et ultrices posuere cubilia curae mauris viverra diam vitae,elit proin risus praesent lectus vestibulum quam sapien varius ut blandit non interdum in ante vestibulum ante,83,3,83
Commercial,intervention,2017-04-30 02:02,2017-04-30 02:02,,orci vehicula condimentum curabitur in libero ut massa volutpat convallis morbi odio odio,id ligula suspendisse ornare consequat lectus in est risus auctor sed tristique in tempus sit amet sem fusce,84,4,84
Commercial,active,2019-04-17 02:21,2019-04-17 02:21,,imperdiet nullam orci pede venenatis non sodales sed tincidunt eu felis fusce posuere felis sed,sit amet nunc viverra dapibus nulla suscipit ligula in lacus curabitur at ipsum ac tellus semper interdum mauris ullamcorper purus,85,5,85
Corporatif,active,2017-05-05 13:20,2017-05-05 13:20,,mauris sit amet eros suspendisse accumsan tortor quis turpis sed ante vivamus tortor duis,tempus sit amet sem fusce consequat nulla nisl nunc nisl duis bibendum felis sed interdum venenatis turpis enim,86,6,86
Corporatif,active,2019-06-01 21:44,2019-06-01 21:44,,quam sollicitudin vitae consectetuer eget rutrum at lorem integer tincidunt ante vel ipsum praesent,nulla dapibus dolor vel est donec odio justo sollicitudin ut suscipit a feugiat et eros vestibulum,87,7,87
Corporatif,active,2016-10-18 03:41,2016-10-18 03:41,,volutpat in congue etiam justo etiam pretium iaculis justo in,eget congue eget semper rutrum nulla nunc purus phasellus in felis donec semper sapien a libero nam dui proin leo,88,8,88
Residentiel,active,2018-04-18 10:01,2018-04-18 10:01,,pede ullamcorper augue a suscipit nulla elit ac nulla sed vel enim sit,sollicitudin mi sit amet lobortis sapien sapien non mi integer ac neque duis bibendum morbi non quam,89,9,89
Corporatif,active,2018-12-20 09:28,2018-12-20 09:28,,est phasellus sit amet erat nulla tempus vivamus in felis eu sapien cursus,eget rutrum at lorem integer tincidunt ante vel ipsum praesent blandit lacinia erat vestibulum sed,90,10,90
Corporatif,active,2019-06-06 00:31,2019-06-06 00:31,,vitae consectetuer eget rutrum at lorem integer tincidunt ante vel ipsum praesent blandit lacinia erat,nulla elit ac nulla sed vel enim sit amet nunc viverra dapibus nulla suscipit ligula in lacus curabitur at,91,1,91
Commercial,active,2018-11-29 04:29,2018-11-29 04:29,,hac habitasse platea dictumst etiam faucibus cursus urna ut tellus,molestie lorem quisque ut erat curabitur gravida nisi at nibh in hac habitasse platea dictumst aliquam augue quam,92,2,92
Hybride,intervention,2018-11-29 19:26,2018-11-29 19:26,,morbi porttitor lorem id ligula suspendisse ornare consequat lectus in,libero quis orci nullam molestie nibh in lectus pellentesque at nulla suspendisse potenti cras in,93,3,93
Corporatif,active,2017-01-01 03:49,2017-01-01 03:49,,eleifend donec ut dolor morbi vel lectus in quam fringilla rhoncus mauris enim,lacus morbi sem mauris laoreet ut rhoncus aliquet pulvinar sed nisl nunc rhoncus dui vel,94,4,94
Residentiel,active,2019-03-26 11:29,2019-03-26 11:29,,gravida sem praesent id massa id nisl venenatis lacinia aenean sit,velit id pretium iaculis diam erat fermentum justo nec condimentum neque sapien placerat ante nulla justo,95,5,95
Residentiel,active,2016-12-15 02:36,2016-12-15 02:36,,mattis pulvinar nulla pede ullamcorper augue a suscipit nulla elit ac nulla sed vel,dui maecenas tristique est et tempus semper est quam pharetra magna ac consequat metus sapien,96,6,96
Commercial,active,2016-07-24 14:56,2016-07-24 14:56,,non mauris morbi non lectus aliquam sit amet diam in,ligula vehicula consequat morbi a ipsum integer a nibh in quis justo maecenas rhoncus aliquam lacus,97,7,97
Residentiel,active,2017-11-25 14:47,2017-11-25 14:47,,posuere cubilia curae duis faucibus accumsan odio curabitur convallis duis consequat dui,sed sagittis nam congue risus semper porta volutpat quam pede lobortis ligula sit amet eleifend,98,8,98
Corporatif,active,2017-11-05 07:43,2017-11-05 07:43,,pretium iaculis diam erat fermentum justo nec condimentum neque sapien,in felis eu sapien cursus vestibulum proin eu mi nulla ac enim in tempor turpis,99,9,99
Residentiel,active,2017-11-20 10:40,2017-11-20 10:40,,in porttitor pede justo eu massa donec dapibus duis at velit,hac habitasse platea dictumst etiam faucibus cursus urna ut tellus nulla ut erat id mauris vulputate,100,10,100
Residentiel,active,2017-08-21 15:18,2017-08-21 15:18,,bibendum morbi non quam nec dui luctus rutrum nulla tellus in sagittis,sapien ut nunc vestibulum ante ipsum primis in faucibus orci luctus et ultrices posuere cubilia curae,101,1,101
Commercial,active,2017-08-27 06:03,2017-08-27 06:03,,in tempus sit amet sem fusce consequat nulla nisl nunc nisl duis bibendum felis sed,fusce posuere felis sed lacus morbi sem mauris laoreet ut rhoncus aliquet pulvinar sed nisl,102,2,102
Corporatif,active,2018-07-09 05:39,2018-07-09 05:39,,amet turpis elementum ligula vehicula consequat morbi a ipsum integer a nibh in quis justo,pulvinar nulla pede ullamcorper augue a suscipit nulla elit ac nulla sed vel enim sit amet nunc viverra dapibus nulla,103,3,103
Residentiel,active,2017-01-10 05:51,2017-01-10 05:51,,at nulla suspendisse potenti cras in purus eu magna vulputate luctus,donec pharetra magna vestibulum aliquet ultrices erat tortor sollicitudin mi sit amet lobortis sapien sapien non mi integer,104,4,104
Corporatif,active,2018-02-05 07:32,2018-02-05 07:32,,vel lectus in quam fringilla rhoncus mauris enim leo rhoncus sed vestibulum,nunc nisl duis bibendum felis sed interdum venenatis turpis enim blandit mi in porttitor pede justo eu massa,105,5,105
Hybride,active,2019-06-04 07:32,2019-06-04 07:32,,odio condimentum id luctus nec molestie sed justo pellentesque viverra,nulla dapibus dolor vel est donec odio justo sollicitudin ut suscipit a feugiat et eros vestibulum ac est,106,6,106
Commercial,active,2019-06-19 11:33,2019-06-19 11:33,,fringilla rhoncus mauris enim leo rhoncus sed vestibulum sit amet cursus,felis ut at dolor quis odio consequat varius integer ac leo pellentesque ultrices mattis odio donec vitae nisi nam ultrices,107,7,107
Hybride,active,2016-11-18 23:56,2016-11-18 23:56,,ut volutpat sapien arcu sed augue aliquam erat volutpat in congue etiam justo,nulla facilisi cras non velit nec nisi vulputate nonummy maecenas tincidunt lacus at velit vivamus vel nulla eget eros elementum,108,8,108
Corporatif,intervention,2019-02-08 22:17,2019-02-08 22:17,,nibh in lectus pellentesque at nulla suspendisse potenti cras in purus eu magna vulputate luctus,nulla pede ullamcorper augue a suscipit nulla elit ac nulla sed vel enim sit amet nunc viverra dapibus,109,9,109
Residentiel,active,2018-08-31 13:05,2018-08-31 13:05,,pellentesque quisque porta volutpat erat quisque erat eros viverra eget congue eget semper rutrum nulla,in sagittis dui vel nisl duis ac nibh fusce lacus purus aliquet at feugiat non pretium quis lectus suspendisse,110,10,110
Hybride,active,2018-12-15 12:58,2018-12-15 12:58,,eleifend pede libero quis orci nullam molestie nibh in lectus,nec sem duis aliquam convallis nunc proin at turpis a pede posuere nonummy integer non velit donec diam neque,111,1,111
Corporatif,active,2016-08-11 15:11,2016-08-11 15:11,,ut volutpat sapien arcu sed augue aliquam erat volutpat in congue etiam justo etiam,enim lorem ipsum dolor sit amet consectetuer adipiscing elit proin interdum mauris non ligula pellentesque,112,2,112
Corporatif,active,2016-10-15 12:05,2016-10-15 12:05,,nulla ultrices aliquet maecenas leo odio condimentum id luctus nec molestie,penatibus et magnis dis parturient montes nascetur ridiculus mus vivamus vestibulum sagittis sapien cum sociis,113,3,113
Hybride,active,2016-10-26 14:27,2016-10-26 14:27,,ipsum ac tellus semper interdum mauris ullamcorper purus sit amet,pulvinar nulla pede ullamcorper augue a suscipit nulla elit ac nulla sed vel enim sit amet nunc,114,4,114
Residentiel,active,2019-04-01 20:27,2019-04-01 20:27,,in lacus curabitur at ipsum ac tellus semper interdum mauris ullamcorper,sed lacus morbi sem mauris laoreet ut rhoncus aliquet pulvinar sed nisl nunc rhoncus dui vel sem,115,5,115
Residentiel,active,2018-04-28 10:19,2018-04-28 10:19,,erat tortor sollicitudin mi sit amet lobortis sapien sapien non,sem fusce consequat nulla nisl nunc nisl duis bibendum felis sed interdum venenatis turpis enim blandit mi in porttitor pede,116,6,116
Commercial,active,2018-10-25 17:12,2018-10-25 17:12,,felis sed lacus morbi sem mauris laoreet ut rhoncus aliquet,amet nulla quisque arcu libero rutrum ac lobortis vel dapibus at diam nam tristique tortor,117,7,117
Corporatif,active,2016-07-22 22:32,2016-07-22 22:32,,ornare consequat lectus in est risus auctor sed tristique in tempus sit amet sem,mus etiam vel augue vestibulum rutrum rutrum neque aenean auctor gravida sem praesent id massa id nisl venenatis lacinia aenean,118,8,118
Corporatif,active,2018-06-16 07:41,2018-06-16 07:41,,imperdiet nullam orci pede venenatis non sodales sed tincidunt eu felis fusce posuere felis sed,amet sapien dignissim vestibulum vestibulum ante ipsum primis in faucibus orci luctus et ultrices posuere cubilia curae nulla dapibus,119,9,119
Residentiel,active,2018-10-25 19:42,2018-10-25 19:42,,nisl aenean lectus pellentesque eget nunc donec quis orci eget orci vehicula condimentum curabitur in,sem fusce consequat nulla nisl nunc nisl duis bibendum felis sed interdum venenatis turpis enim blandit mi in porttitor pede,120,10,120
Commercial,active,2018-07-26 19:23,2018-07-26 19:23,,congue eget semper rutrum nulla nunc purus phasellus in felis donec semper,integer ac leo pellentesque ultrices mattis odio donec vitae nisi nam ultrices libero non mattis pulvinar nulla pede ullamcorper augue,121,1,121
Hybride,active,2016-07-15 10:36,2016-07-15 10:36,,montes nascetur ridiculus mus vivamus vestibulum sagittis sapien cum sociis natoque penatibus et,in quis justo maecenas rhoncus aliquam lacus morbi quis tortor id nulla ultrices aliquet maecenas leo,122,2,122
Residentiel,active,2017-06-02 12:10,2017-06-02 12:10,,felis fusce posuere felis sed lacus morbi sem mauris laoreet ut rhoncus aliquet,sapien non mi integer ac neque duis bibendum morbi non quam nec dui luctus rutrum,123,3,123
Residentiel,intervention,2019-06-08 00:09,2019-06-08 00:09,,at ipsum ac tellus semper interdum mauris ullamcorper purus sit amet nulla quisque,faucibus orci luctus et ultrices posuere cubilia curae nulla dapibus dolor vel est donec odio justo sollicitudin ut,124,4,124
Hybride,active,2017-08-21 00:24,2017-08-21 00:24,,pede justo lacinia eget tincidunt eget tempus vel pede morbi porttitor lorem,rutrum nulla tellus in sagittis dui vel nisl duis ac nibh fusce lacus purus aliquet at feugiat non,125,5,125
Corporatif,active,2018-11-03 14:29,2018-11-03 14:29,,quis turpis sed ante vivamus tortor duis mattis egestas metus aenean fermentum donec ut mauris,vel enim sit amet nunc viverra dapibus nulla suscipit ligula in lacus curabitur at ipsum ac tellus semper interdum,126,6,126
Corporatif,active,2018-04-05 16:40,2018-04-05 16:40,,vehicula condimentum curabitur in libero ut massa volutpat convallis morbi odio odio elementum eu interdum,justo lacinia eget tincidunt eget tempus vel pede morbi porttitor lorem id ligula suspendisse ornare consequat,127,7,127
Hybride,active,2017-10-02 05:53,2017-10-02 05:53,,sit amet consectetuer adipiscing elit proin risus praesent lectus vestibulum quam sapien,ac diam cras pellentesque volutpat dui maecenas tristique est et tempus semper est quam pharetra magna ac consequat,128,8,128
Commercial,active,2018-08-01 03:02,2018-08-01 03:02,,nisl duis bibendum felis sed interdum venenatis turpis enim blandit,sit amet nulla quisque arcu libero rutrum ac lobortis vel dapibus at diam nam tristique,129,9,129
Corporatif,active,2019-05-26 22:06,2019-05-26 22:06,,at velit eu est congue elementum in hac habitasse platea dictumst,at feugiat non pretium quis lectus suspendisse potenti in eleifend quam a odio in hac habitasse platea dictumst,130,10,130
Residentiel,active,2016-07-13 11:24,2016-07-13 11:24,,cum sociis natoque penatibus et magnis dis parturient montes nascetur ridiculus mus,posuere felis sed lacus morbi sem mauris laoreet ut rhoncus aliquet pulvinar sed nisl nunc rhoncus dui vel sem,131,1,131
Hybride,active,2016-11-13 01:53,2016-11-13 01:53,,luctus ultricies eu nibh quisque id justo sit amet sapien dignissim vestibulum vestibulum ante ipsum,in faucibus orci luctus et ultrices posuere cubilia curae mauris viverra diam vitae quam suspendisse potenti nullam,132,2,132
Corporatif,active,2016-11-21 01:51,2016-11-21 01:51,,mus vivamus vestibulum sagittis sapien cum sociis natoque penatibus et magnis dis parturient montes nascetur,augue vel accumsan tellus nisi eu orci mauris lacinia sapien quis libero nullam sit amet turpis elementum ligula,133,3,133
Corporatif,active,2019-06-17 01:02,2019-06-17 01:02,,in sagittis dui vel nisl duis ac nibh fusce lacus purus aliquet at feugiat non,metus sapien ut nunc vestibulum ante ipsum primis in faucibus orci luctus et ultrices posuere cubilia curae mauris viverra,134,4,134
Hybride,active,2017-06-18 21:33,2017-06-18 21:33,,blandit non interdum in ante vestibulum ante ipsum primis in faucibus,ultricies eu nibh quisque id justo sit amet sapien dignissim vestibulum vestibulum ante ipsum primis in faucibus,135,5,135
Corporatif,active,2018-10-30 05:59,2018-10-30 05:59,,elit ac nulla sed vel enim sit amet nunc viverra dapibus nulla,non interdum in ante vestibulum ante ipsum primis in faucibus orci luctus et ultrices posuere cubilia curae,136,6,136
Residentiel,active,2017-01-28 12:22,2017-01-28 12:22,,pellentesque quisque porta volutpat erat quisque erat eros viverra eget congue eget semper rutrum nulla,non mauris morbi non lectus aliquam sit amet diam in magna bibendum imperdiet nullam orci pede venenatis non,137,7,137
Hybride,active,2018-10-19 16:41,2018-10-19 16:41,,duis ac nibh fusce lacus purus aliquet at feugiat non pretium,praesent blandit lacinia erat vestibulum sed magna at nunc commodo placerat praesent blandit nam nulla integer pede justo lacinia,138,8,138
Corporatif,active,2018-12-12 15:55,2018-12-12 15:55,,donec pharetra magna vestibulum aliquet ultrices erat tortor sollicitudin mi sit amet lobortis sapien sapien,congue elementum in hac habitasse platea dictumst morbi vestibulum velit id pretium iaculis diam erat fermentum justo,139,9,139
Residentiel,active,2017-07-17 05:33,2017-07-17 05:33,,luctus et ultrices posuere cubilia curae nulla dapibus dolor vel est donec odio justo sollicitudin,montes nascetur ridiculus mus vivamus vestibulum sagittis sapien cum sociis natoque penatibus et magnis dis parturient montes nascetur ridiculus mus,140,10,140
Corporatif,active,2016-09-09 22:19,2016-09-09 22:19,,consequat morbi a ipsum integer a nibh in quis justo,vulputate vitae nisl aenean lectus pellentesque eget nunc donec quis orci eget orci vehicula condimentum curabitur in libero ut,141,1,141
Commercial,active,2016-10-08 19:45,2016-10-08 19:45,,velit nec nisi vulputate nonummy maecenas tincidunt lacus at velit vivamus vel nulla,sapien cum sociis natoque penatibus et magnis dis parturient montes nascetur ridiculus mus etiam vel,142,2,142
Commercial,active,2018-06-29 16:02,2018-06-29 16:02,,turpis nec euismod scelerisque quam turpis adipiscing lorem vitae mattis nibh ligula,sollicitudin mi sit amet lobortis sapien sapien non mi integer ac neque duis bibendum morbi non quam nec dui luctus,143,3,143
Residentiel,active,2018-07-24 17:57,2018-07-24 17:57,,sollicitudin ut suscipit a feugiat et eros vestibulum ac est lacinia nisi,at nunc commodo placerat praesent blandit nam nulla integer pede justo lacinia eget tincidunt eget tempus,144,4,144
Commercial,active,2017-11-15 08:03,2017-11-15 08:03,,penatibus et magnis dis parturient montes nascetur ridiculus mus vivamus vestibulum sagittis sapien,justo eu massa donec dapibus duis at velit eu est congue elementum in hac habitasse platea dictumst morbi,145,5,145
Hybride,active,2018-06-27 19:36,2018-06-27 19:36,,sapien placerat ante nulla justo aliquam quis turpis eget elit sodales scelerisque mauris sit amet,congue elementum in hac habitasse platea dictumst morbi vestibulum velit id pretium iaculis diam erat,146,6,146
Hybride,active,2017-06-12 22:04,2017-06-12 22:04,,morbi non lectus aliquam sit amet diam in magna bibendum,quis justo maecenas rhoncus aliquam lacus morbi quis tortor id nulla ultrices aliquet maecenas leo,147,7,147
Commercial,active,2016-09-06 14:21,2016-09-06 14:21,,fringilla rhoncus mauris enim leo rhoncus sed vestibulum sit amet,in libero ut massa volutpat convallis morbi odio odio elementum eu interdum eu tincidunt in leo maecenas pulvinar lobortis,148,8,148
Hybride,active,2017-11-19 21:15,2017-11-19 21:15,,platea dictumst etiam faucibus cursus urna ut tellus nulla ut erat id,tincidunt in leo maecenas pulvinar lobortis est phasellus sit amet erat nulla tempus vivamus in felis,149,9,149
Residentiel,active,2016-10-11 22:02,2016-10-11 22:02,,pharetra magna vestibulum aliquet ultrices erat tortor sollicitudin mi sit amet lobortis,nunc nisl duis bibendum felis sed interdum venenatis turpis enim blandit mi in porttitor pede justo eu massa,150,10,150
Residentiel,active,2018-10-26 05:36,2018-10-26 05:36,,semper est quam pharetra magna ac consequat metus sapien ut nunc vestibulum,vitae ipsum aliquam non mauris morbi non lectus aliquam sit amet diam in magna bibendum imperdiet nullam orci pede venenatis,151,1,151
Commercial,active,2017-10-11 23:28,2017-10-11 23:28,,diam id ornare imperdiet sapien urna pretium nisl ut volutpat sapien arcu sed augue,ultricies eu nibh quisque id justo sit amet sapien dignissim vestibulum vestibulum ante ipsum primis in faucibus orci,152,2,152
Corporatif,active,2017-12-05 01:13,2017-12-05 01:13,,curae duis faucibus accumsan odio curabitur convallis duis consequat dui nec nisi volutpat eleifend,mauris lacinia sapien quis libero nullam sit amet turpis elementum ligula vehicula consequat morbi a ipsum integer,153,3,153
Residentiel,active,2018-04-27 13:01,2018-04-27 13:01,,erat fermentum justo nec condimentum neque sapien placerat ante nulla,habitasse platea dictumst etiam faucibus cursus urna ut tellus nulla ut erat id mauris vulputate elementum nullam,154,4,154
Residentiel,active,2016-10-10 23:33,2016-10-10 23:33,,quis orci nullam molestie nibh in lectus pellentesque at nulla,vestibulum rutrum rutrum neque aenean auctor gravida sem praesent id massa id nisl venenatis lacinia aenean sit amet justo,155,5,155
Residentiel,active,2019-06-12 00:17,2019-06-12 00:17,,velit donec diam neque vestibulum eget vulputate ut ultrices vel augue vestibulum ante ipsum,mollis molestie lorem quisque ut erat curabitur gravida nisi at nibh in hac habitasse platea dictumst aliquam augue,156,6,156
Corporatif,active,2017-12-02 09:53,2017-12-02 09:53,,ultrices posuere cubilia curae nulla dapibus dolor vel est donec odio justo sollicitudin ut suscipit,lorem id ligula suspendisse ornare consequat lectus in est risus auctor sed tristique in tempus sit amet,157,7,157
Hybride,active,2018-08-24 07:09,2018-08-24 07:09,,vel augue vestibulum ante ipsum primis in faucibus orci luctus et ultrices posuere,ullamcorper augue a suscipit nulla elit ac nulla sed vel enim sit amet nunc viverra dapibus nulla suscipit ligula in,158,8,158
Commercial,active,2016-09-27 03:06,2016-09-27 03:06,,cubilia curae mauris viverra diam vitae quam suspendisse potenti nullam porttitor lacus,maecenas tristique est et tempus semper est quam pharetra magna ac consequat metus sapien ut nunc vestibulum ante,159,9,159
Corporatif,active,2016-09-11 01:41,2016-09-11 01:41,,nullam varius nulla facilisi cras non velit nec nisi vulputate nonummy maecenas,lobortis sapien sapien non mi integer ac neque duis bibendum morbi non quam nec dui luctus rutrum nulla tellus,160,10,160
Hybride,active,2016-11-08 15:37,2016-11-08 15:37,,est lacinia nisi venenatis tristique fusce congue diam id ornare imperdiet sapien urna pretium,eget elit sodales scelerisque mauris sit amet eros suspendisse accumsan tortor quis turpis sed ante vivamus tortor duis,161,1,161
Commercial,active,2018-04-02 03:05,2018-04-02 03:05,,in faucibus orci luctus et ultrices posuere cubilia curae duis,mauris viverra diam vitae quam suspendisse potenti nullam porttitor lacus at turpis donec posuere metus vitae ipsum aliquam non mauris,162,2,162
Corporatif,active,2016-10-13 00:13,2016-10-13 00:13,,ipsum primis in faucibus orci luctus et ultrices posuere cubilia curae donec pharetra,pede ullamcorper augue a suscipit nulla elit ac nulla sed vel enim sit amet nunc viverra dapibus nulla suscipit ligula,163,3,163
Residentiel,active,2017-04-10 22:45,2017-04-10 22:45,,congue elementum in hac habitasse platea dictumst morbi vestibulum velit id pretium iaculis,posuere metus vitae ipsum aliquam non mauris morbi non lectus aliquam sit amet diam in magna bibendum imperdiet nullam orci,164,4,164
Hybride,active,2018-05-01 10:34,2018-05-01 10:34,,nullam molestie nibh in lectus pellentesque at nulla suspendisse potenti cras in purus eu,mauris non ligula pellentesque ultrices phasellus id sapien in sapien iaculis congue vivamus metus arcu adipiscing molestie hendrerit at,165,5,165
Corporatif,active,2018-02-22 21:06,2018-02-22 21:06,,proin leo odio porttitor id consequat in consequat ut nulla,tempus vivamus in felis eu sapien cursus vestibulum proin eu mi nulla ac enim in tempor turpis nec,166,6,166
Residentiel,active,2016-08-18 11:22,2016-08-18 11:22,,congue diam id ornare imperdiet sapien urna pretium nisl ut volutpat sapien arcu sed augue,potenti cras in purus eu magna vulputate luctus cum sociis natoque penatibus et magnis dis parturient montes nascetur ridiculus,167,7,167
Corporatif,active,2017-02-11 02:55,2017-02-11 02:55,,blandit lacinia erat vestibulum sed magna at nunc commodo placerat praesent,sodales sed tincidunt eu felis fusce posuere felis sed lacus morbi sem mauris laoreet ut rhoncus aliquet pulvinar,168,8,168
Commercial,active,2018-01-30 15:23,2018-01-30 15:23,,dui vel nisl duis ac nibh fusce lacus purus aliquet at feugiat,nibh in hac habitasse platea dictumst aliquam augue quam sollicitudin vitae consectetuer eget rutrum at,169,9,169
Residentiel,active,2018-02-27 03:50,2018-02-27 03:50,,in hac habitasse platea dictumst maecenas ut massa quis augue luctus tincidunt nulla mollis,rhoncus aliquam lacus morbi quis tortor id nulla ultrices aliquet maecenas leo odio condimentum id luctus nec molestie sed,170,10,170
Residentiel,active,2019-02-28 13:42,2019-02-28 13:42,,hendrerit at vulputate vitae nisl aenean lectus pellentesque eget nunc donec quis orci eget,convallis eget eleifend luctus ultricies eu nibh quisque id justo sit amet sapien dignissim vestibulum vestibulum ante ipsum primis,171,1,171
Residentiel,active,2017-12-16 15:32,2017-12-16 15:32,,eget nunc donec quis orci eget orci vehicula condimentum curabitur in libero ut massa volutpat,turpis a pede posuere nonummy integer non velit donec diam neque vestibulum eget vulputate ut ultrices vel augue,172,2,172
Hybride,active,2017-07-02 15:25,2017-07-02 15:25,,vitae consectetuer eget rutrum at lorem integer tincidunt ante vel ipsum praesent blandit,lectus pellentesque eget nunc donec quis orci eget orci vehicula condimentum curabitur in libero ut massa volutpat convallis morbi odio,173,3,173
Residentiel,active,2019-07-02 13:37,2019-07-02 13:37,,non ligula pellentesque ultrices phasellus id sapien in sapien iaculis,mi sit amet lobortis sapien sapien non mi integer ac neque duis bibendum morbi non quam,174,4,174
Commercial,active,2016-11-07 23:29,2016-11-07 23:29,,eget eleifend luctus ultricies eu nibh quisque id justo sit,mattis odio donec vitae nisi nam ultrices libero non mattis pulvinar nulla pede ullamcorper augue a suscipit nulla elit,175,5,175
Commercial,active,2017-08-25 05:08,2017-08-25 05:08,,viverra diam vitae quam suspendisse potenti nullam porttitor lacus at turpis,odio condimentum id luctus nec molestie sed justo pellentesque viverra pede ac diam cras pellentesque volutpat dui maecenas tristique est,176,6,176
Corporatif,active,2019-01-15 11:16,2019-01-15 11:16,,interdum mauris non ligula pellentesque ultrices phasellus id sapien in sapien iaculis,dolor sit amet consectetuer adipiscing elit proin interdum mauris non ligula pellentesque ultrices phasellus id sapien in sapien iaculis,177,7,177
Hybride,active,2018-02-25 12:57,2018-02-25 12:57,,nonummy maecenas tincidunt lacus at velit vivamus vel nulla eget eros elementum,ornare imperdiet sapien urna pretium nisl ut volutpat sapien arcu sed augue aliquam erat volutpat,178,8,178
Corporatif,active,2017-09-26 16:16,2017-09-26 16:16,,ullamcorper purus sit amet nulla quisque arcu libero rutrum ac lobortis vel dapibus at,mauris sit amet eros suspendisse accumsan tortor quis turpis sed ante vivamus tortor duis mattis egestas metus aenean,179,9,179
Hybride,active,2017-01-18 18:04,2017-01-18 18:04,,lacus at turpis donec posuere metus vitae ipsum aliquam non mauris morbi non lectus aliquam,justo morbi ut odio cras mi pede malesuada in imperdiet et commodo vulputate justo in blandit ultrices enim lorem,180,10,180
Commercial,active,2016-08-14 02:33,2016-08-14 02:33,,sapien a libero nam dui proin leo odio porttitor id consequat in consequat ut nulla,duis aliquam convallis nunc proin at turpis a pede posuere nonummy integer non velit donec,181,1,181
Corporatif,active,2016-11-24 06:24,2016-11-24 06:24,,vel sem sed sagittis nam congue risus semper porta volutpat,nisl nunc rhoncus dui vel sem sed sagittis nam congue risus semper porta volutpat quam pede lobortis ligula,182,2,182
Residentiel,active,2016-11-30 21:50,2016-11-30 21:50,,pulvinar sed nisl nunc rhoncus dui vel sem sed sagittis nam congue risus semper porta,in sapien iaculis congue vivamus metus arcu adipiscing molestie hendrerit at vulputate vitae nisl aenean lectus pellentesque eget nunc,183,3,183
Corporatif,active,2017-02-15 15:56,2017-02-15 15:56,,sit amet sapien dignissim vestibulum vestibulum ante ipsum primis in faucibus,sollicitudin ut suscipit a feugiat et eros vestibulum ac est lacinia nisi venenatis tristique fusce,184,4,184
Commercial,active,2018-06-17 22:55,2018-06-17 22:55,,fusce consequat nulla nisl nunc nisl duis bibendum felis sed interdum venenatis,proin at turpis a pede posuere nonummy integer non velit donec diam neque vestibulum eget vulputate ut,185,5,185
Commercial,active,2018-10-12 17:52,2018-10-12 17:52,,nullam molestie nibh in lectus pellentesque at nulla suspendisse potenti cras,est phasellus sit amet erat nulla tempus vivamus in felis eu sapien cursus vestibulum proin,186,6,186
Corporatif,active,2016-12-24 21:28,2016-12-24 21:28,,metus aenean fermentum donec ut mauris eget massa tempor convallis nulla neque libero convallis eget,ante ipsum primis in faucibus orci luctus et ultrices posuere cubilia curae nulla dapibus dolor vel,187,7,187
Corporatif,active,2018-08-19 07:52,2018-08-19 07:52,,amet nulla quisque arcu libero rutrum ac lobortis vel dapibus at diam nam tristique,orci luctus et ultrices posuere cubilia curae nulla dapibus dolor vel est donec odio justo sollicitudin ut suscipit a,188,8,188
Corporatif,active,2018-07-08 19:22,2018-07-08 19:22,,non interdum in ante vestibulum ante ipsum primis in faucibus orci luctus et,mauris eget massa tempor convallis nulla neque libero convallis eget eleifend luctus ultricies eu nibh quisque id,189,9,189
Residentiel,active,2019-03-27 06:24,2019-03-27 06:24,,nibh fusce lacus purus aliquet at feugiat non pretium quis,bibendum felis sed interdum venenatis turpis enim blandit mi in porttitor pede justo eu massa donec dapibus duis at,190,10,190
Hybride,active,2017-02-02 12:29,2017-02-02 12:29,,ante vivamus tortor duis mattis egestas metus aenean fermentum donec ut,cubilia curae donec pharetra magna vestibulum aliquet ultrices erat tortor sollicitudin mi sit amet lobortis sapien sapien non,191,1,191
Corporatif,active,2019-02-17 18:47,2019-02-17 18:47,,et eros vestibulum ac est lacinia nisi venenatis tristique fusce congue diam id ornare imperdiet,sed lacus morbi sem mauris laoreet ut rhoncus aliquet pulvinar sed nisl nunc rhoncus dui vel sem sed sagittis,192,2,192
Commercial,active,2018-01-05 05:39,2018-01-05 05:39,,sapien urna pretium nisl ut volutpat sapien arcu sed augue aliquam,mus etiam vel augue vestibulum rutrum rutrum neque aenean auctor gravida sem praesent id massa id nisl venenatis lacinia aenean,193,3,193
Hybride,active,2019-03-10 21:26,2019-03-10 21:26,,ipsum integer a nibh in quis justo maecenas rhoncus aliquam lacus morbi quis tortor id,posuere felis sed lacus morbi sem mauris laoreet ut rhoncus aliquet pulvinar sed nisl nunc rhoncus dui vel sem sed,194,4,194
Commercial,active,2017-05-18 06:53,2017-05-18 06:53,,faucibus accumsan odio curabitur convallis duis consequat dui nec nisi volutpat,maecenas pulvinar lobortis est phasellus sit amet erat nulla tempus vivamus in felis eu sapien cursus vestibulum,195,5,195
Corporatif,active,2018-04-25 17:11,2018-04-25 17:11,,eget semper rutrum nulla nunc purus phasellus in felis donec,mattis pulvinar nulla pede ullamcorper augue a suscipit nulla elit ac nulla sed vel enim sit amet nunc viverra dapibus,196,6,196
Corporatif,active,2017-02-21 22:55,2017-02-21 22:55,,integer aliquet massa id lobortis convallis tortor risus dapibus augue vel accumsan,in sapien iaculis congue vivamus metus arcu adipiscing molestie hendrerit at vulputate vitae nisl aenean lectus pellentesque eget,197,7,197
Residentiel,active,2018-05-11 04:19,2018-05-11 04:19,,sodales scelerisque mauris sit amet eros suspendisse accumsan tortor quis turpis sed ante vivamus tortor,lacinia eget tincidunt eget tempus vel pede morbi porttitor lorem id ligula suspendisse ornare consequat lectus in est,198,8,198
Corporatif,active,2016-09-12 16:17,2016-09-12 16:17,,mattis nibh ligula nec sem duis aliquam convallis nunc proin,in faucibus orci luctus et ultrices posuere cubilia curae nulla dapibus dolor vel est donec odio,199,9,199
Residentiel,active,2018-04-06 06:59,2018-04-06 06:59,,eu orci mauris lacinia sapien quis libero nullam sit amet,posuere nonummy integer non velit donec diam neque vestibulum eget vulputate ut ultrices vel augue vestibulum ante ipsum primis,200,10,200
